"Points:0","Points:1","Points:2","U:0","U:1","U:2","alphaPorosity","arc_length","fvSource:0","fvSource:1","fvSource:2","nuTilda","nut","p"
0.99680853,0.0017068746,0.050000001,0,0,0,0,0,0,0,0,1e-16,3.5661291e-05,23.960236
0.99882686,0.001424464,0.050000001,0,0,0,0,0.0020379945,0,0,0,1e-16,3.1902673e-05,23.357443
0.99882686,0.00071223202,0.050000001,0,0,0,0,0.0027502266,0,0,0,1e-16,2.7537088e-05,24.053947
0.99882686,-1.1883852e-39,0.050000001,0,0,0,0,0.0034624586,0,0,0,1e-16,2.9197548e-05,25.195217
0.99882686,-0.00071223202,0.050000001,0,0,0,0,0.0041746906,0,0,0,1e-16,3.7503738e-05,21.008163
0.99882686,-0.001424464,0.050000001,0,0,0,0,0.0048869226,0,0,0,1e-16,4.3317137e-05,19.424706
0.99680853,-0.0017068746,0.050000001,0,0,0,0,0.0069249172,0,0,0,1e-16,4.7704463e-05,20.980103
0.99438643,-0.0020449201,0.050000001,0,0,0,0,0.0093704878,0,0,0,1e-16,5.3550088e-05,20.746334
0.99147975,-0.0024492156,0.050000001,0,0,0,0,0.01230515,0,0,0,1e-16,5.8388741e-05,20.661964
0.98799139,-0.0029324901,0.050000001,0,0,0,0,0.015826829,0,0,0,1e-16,6.1776154e-05,20.066694
0.98380506,-0.0035097513,0.050000001,0,0,0,0,0.020052774,0,0,0,1e-16,6.4310385e-05,19.187366
0.97878093,-0.0041986606,0.050000001,0,0,0,0,0.025123921,0,0,0,1e-16,6.6187713e-05,18.087456
0.9727512,-0.0050199544,0.050000001,0,0,0,0,0.031209322,0,0,0,1e-16,6.7694076e-05,16.769794
0.96551448,-0.0059977472,0.050000001,0,0,0,0,0.0385118,0,0,0,1e-16,6.8745401e-05,15.292414
0.95682895,-0.007160149,0.050000001,0,0,0,0,0.047274767,0,0,0,1e-16,6.9661954e-05,13.679523
0.94640428,-0.0085393777,0.050000001,0,0,0,0,0.057790284,0,0,0,1e-16,7.016024e-05,11.871401
0.93389177,-0.010172534,0.050000001,0,0,0,0,0.07040892,0,0,0,1e-16,7.0439652e-05,10.002669
0.91887265,-0.012101175,0.050000001,0,0,0,0,0.085551363,0,0,0,1e-16,7.0605631e-05,8.0757113
0.90084428,-0.014371977,0.050000001,0,0,0,0,0.10372219,0,0,0,1e-16,7.1056566e-05,6.0701761
0.88011336,-0.01692494,0.050000001,0,0,0,0,0.12460971,0,0,0,1e-16,7.2019509e-05,4.0399504
0.85937524,-0.019418105,0.050000001,0,0,0,0,0.14549716,0,0,0,1e-16,7.3320778e-05,2.1493785
0.83863014,-0.021852652,0.050000001,0,0,0,0,0.16638462,0,0,0,1e-16,7.4664029e-05,0.45467067
0.81787831,-0.024229608,0.050000001,0,0,0,0,0.18727215,0,0,0,1e-16,7.5873802e-05,-1.0912669
0.79712009,-0.02654965,0.050000001,0,0,0,0,0.2081596,0,0,0,1e-16,7.6929377e-05,-2.5201099
0.77635556,-0.028812882,0.050000001,0,0,0,0,0.22904711,0,0,0,1e-16,7.7867051e-05,-3.8556852
0.75558496,-0.031019537,0.050000001,0,0,0,0,0.24993461,0,0,0,1e-16,7.8721096e-05,-5.1167669
0.73480839,-0.033169124,0.050000001,0,0,0,0,0.27082208,0,0,0,1e-16,7.9520454e-05,-6.3160677
0.71402591,-0.03526089,0.050000001,0,0,0,0,0.29170956,0,0,0,1e-16,8.0282196e-05,-7.4645462
0.6932376,-0.037293762,0.050000001,0,0,0,0,0.31259703,0,0,0,1e-16,8.1020669e-05,-8.5712318
0.67244345,-0.039266281,0.050000001,0,0,0,0,0.33348453,0,0,0,1e-16,8.1743812e-05,-9.6441727
0.65164351,-0.041176729,0.050000001,0,0,0,0,0.35437201,0,0,0,1e-16,8.2458806e-05,-10.688932
0.6308378,-0.043022767,0.050000001,0,0,0,0,0.37525947,0,0,0,1e-16,8.3168721e-05,-11.708923
0.61002618,-0.044801738,0.050000001,0,0,0,0,0.39614698,0,0,0,1e-16,8.3877094e-05,-12.707464
0.58920872,-0.046510544,0.050000001,0,0,0,0,0.41703445,0,0,0,1e-16,8.4585416e-05,-13.686289
0.5683853,-0.048145562,0.050000001,0,0,0,0,0.43792196,0,0,0,1e-16,8.5295178e-05,-14.64648
0.54755592,-0.049702834,0.050000001,0,0,0,0,0.45880948,0,0,0,1e-16,8.6006883e-05,-15.588331
0.52672058,-0.051177803,0.050000001,0,0,0,0,0.47969696,0,0,0,1e-16,8.6720771e-05,-16.510801
0.50587922,-0.052565403,0.050000001,0,0,0,0,0.50058446,0,0,0,1e-16,8.7436347e-05,-17.412287
0.48503193,-0.053859979,0.050000001,0,0,0,0,0.52147191,0,0,0,1e-16,8.8153014e-05,-18.290043
0.46417865,-0.05505522,0.050000001,0,0,0,0,0.54235941,0,0,0,1e-16,8.8869259e-05,-19.139772
0.44331956,-0.056144092,0.050000001,0,0,0,0,0.56324691,0,0,0,1e-16,8.9583336e-05,-19.956184
0.4224548,-0.057118852,0.050000001,0,0,0,0,0.58413442,0,0,0,1e-16,9.029283e-05,-20.732298
0.40158471,-0.05797084,0.050000001,0,0,0,0,0.60502189,0,0,0,1e-16,9.0994523e-05,-21.458229
0.38070962,-0.058690444,0.050000001,0,0,0,0,0.62590939,0,0,0,1e-16,9.1684728e-05,-22.123611
0.35983008,-0.05926723,0.050000001,0,0,0,0,0.64679689,0,0,0,1e-16,9.23599e-05,-22.717932
0.33894685,-0.059689492,0.050000001,0,0,0,0,0.66768439,0,0,0,1e-16,9.301526e-05,-23.226067
0.31806093,-0.059943911,0.050000001,0,0,0,0,0.68857185,0,0,0,1e-16,9.3644194e-05,-23.628014
0.29717356,-0.060015541,0.050000001,0,0,0,0,0.70945935,0,0,0,1e-16,9.4238771e-05,-23.900839
0.27628645,-0.059887499,0.050000001,0,0,0,0,0.73034685,0,0,0,1e-16,9.4788993e-05,-24.016613
0.25540185,-0.059540458,0.050000001,0,0,0,0,0.75123434,0,0,0,1e-16,9.5281175e-05,-23.939678
0.23452266,-0.058951881,0.050000001,0,0,0,0,0.77212183,0,0,0,1e-16,9.5695978e-05,-23.62591
0.21365274,-0.058095541,0.050000001,0,0,0,0,0.7930093,0,0,0,1e-16,9.60049e-05,-23.015392
0.19279729,-0.056940038,0.050000001,0,0,0,0,0.81389674,0,0,0,1e-16,9.6165211e-05,-22.027281
0.17196329,-0.055447001,0.050000001,0,0,0,0,0.83478417,0,0,0,1e-16,9.6115131e-05,-20.557964
0.15116046,-0.053569008,0.050000001,0,0,0,0,0.85567159,0,0,0,1e-16,9.5769516e-05,-18.466042
0.13040288,-0.051243994,0.050000001,0,0,0,0,0.87655898,0,0,0,1e-16,9.5030526e-05,-15.533955
0.10971195,-0.04838787,0.050000001,0,0,0,0,0.8974461,0,0,0,1e-16,9.383024e-05,-11.370599
0.089120969,-0.044884108,0.050000001,0,0,0,0,0.91833306,0,0,0,1e-16,9.2224582e-05,-5.1917782
0.068688519,-0.040553432,0.050000001,0,0,0,0,0.93921941,0,0,0,1e-16,9.029053e-05,3.8578498
0.051046584,-0.035862397,0.050000001,0,0,0,0,0.95747438,0,0,0,1e-16,8.7636916e-05,16.182335
0.036617737,-0.031045349,0.050000001,0,0,0,0,0.97268607,0,0,0,1e-16,8.3331164e-05,32.373081
0.024938621,-0.026117774,0.050000001,0,0,0,0,0.98536214,0,0,0,1e-16,7.605354e-05,54.171177
0.015664188,-0.021062464,0.050000001,0,0,0,0,0.99592487,0,0,0,1e-16,6.3772932e-05,83.833412
0.0085842321,-0.015838042,0.050000001,0,0,0,0,1.0047238,0,0,0,1e-16,4.4785673e-05,117.71196
0.0036199428,-0.010443294,0.050000001,0,0,0,0,1.012055,0,0,0,1e-16,2.4811441e-05,141.17059
0.00081204012,-0.0050188252,0.050000001,0,0,0,0,1.0181631,0,0,0,1e-16,2.7178343e-05,139.75259
-1.0788896e-14,1.2191297e-43,0.050000001,0,0,0,0,1.0232472,0,0,0,1e-16,5.2185038e-05,104.05472
0.00081204012,0.0050188252,0.050000001,0,0,0,0,1.0283313,0,0,0,1e-16,7.8316203e-05,33.132515
0.0036199428,0.010443294,0.050000001,0,0,0,0,1.0344395,0,0,0,1e-16,9.8176461e-05,-50.030483
0.0085842321,0.015838042,0.050000001,0,0,0,0,1.0417707,0,0,0,1e-16,0.0001093419,-112.14098
0.015664188,0.021062464,0.050000001,0,0,0,0,1.0505696,0,0,0,1e-16,0.000113642,-141.20883
0.024938621,0.026117774,0.050000001,0,0,0,0,1.0611323,0,0,0,1e-16,0.00011369285,-147.19623
0.036617737,0.031045349,0.050000001,0,0,0,0,1.0738084,0,0,0,1e-16,0.00011139354,-143.1716
0.051046584,0.035862397,0.050000001,0,0,0,0,1.0890201,0,0,0,1e-16,0.00010814407,-136.31316
0.068688519,0.040553432,0.050000001,0,0,0,0,1.1072751,0,0,0,1e-16,0.00010514881,-128.79927
0.089120969,0.044884108,0.050000001,0,0,0,0,1.1281614,0,0,0,1e-16,0.00010324654,-121.37434
0.10971195,0.04838787,0.050000001,0,0,0,0,1.1490484,0,0,0,1e-16,0.00010241911,-114.52599
0.13040288,0.051243994,0.050000001,0,0,0,0,1.1699355,0,0,0,1e-16,0.00010207749,-108.42697
0.15116046,0.053569008,0.050000001,0,0,0,0,1.1908229,0,0,0,1e-16,0.00010176449,-103.04579
0.17196329,0.055447001,0.050000001,0,0,0,0,1.2117103,0,0,0,1e-16,0.00010132988,-98.209938
0.19279729,0.056940038,0.050000001,0,0,0,0,1.2325977,0,0,0,1e-16,0.00010074733,-93.757866
0.21365274,0.058095541,0.050000001,0,0,0,0,1.2534852,0,0,0,1e-16,0.00010003163,-89.589622
0.23452266,0.058951881,0.050000001,0,0,0,0,1.2743726,0,0,0,1e-16,9.9207056e-05,-85.650208
0.25540185,0.059540458,0.050000001,0,0,0,0,1.2952601,0,0,0,1e-16,9.8295321e-05,-81.902954
0.27628645,0.059887499,0.050000001,0,0,0,0,1.3161476,0,0,0,1e-16,9.7314114e-05,-78.31694
0.29717356,0.060015541,0.050000001,0,0,0,0,1.3370351,0,0,0,1e-16,9.6278891e-05,-74.870605
0.31806093,0.059943911,0.050000001,0,0,0,0,1.3579226,0,0,0,1e-16,9.5202966e-05,-71.548965
0.33894685,0.059689492,0.050000001,0,0,0,0,1.3788101,0,0,0,1e-16,9.4097326e-05,-68.338707
0.35983008,0.05926723,0.050000001,0,0,0,0,1.3996976,0,0,0,1e-16,9.2971779e-05,-65.229874
0.38070962,0.058690444,0.050000001,0,0,0,0,1.4205851,0,0,0,1e-16,9.1834816e-05,-62.215881
0.40158471,0.05797084,0.050000001,0,0,0,0,1.4414726,0,0,0,1e-16,9.0692731e-05,-59.289131
0.4224548,0.057118852,0.050000001,0,0,0,0,1.4623601,0,0,0,1e-16,8.9549794e-05,-56.440804
0.44331956,0.056144092,0.050000001,0,0,0,0,1.4832476,0,0,0,1e-16,8.8410343e-05,-53.665127
0.46417865,0.05505522,0.050000001,0,0,0,0,1.5041351,0,0,0,1e-16,8.7277695e-05,-50.958183
0.48503193,0.053859979,0.050000001,0,0,0,0,1.5250226,0,0,0,1e-16,8.6154054e-05,-48.314743
0.50587922,0.052565403,0.050000001,0,0,0,0,1.54591,0,0,0,1e-16,8.504049e-05,-45.729542
0.52672058,0.051177803,0.050000001,0,0,0,0,1.5667975,0,0,0,1e-16,8.3937877e-05,-43.197617
0.54755592,0.049702834,0.050000001,0,0,0,0,1.587685,0,0,0,1e-16,8.2845581e-05,-40.713303
0.5683853,0.048145562,0.050000001,0,0,0,0,1.6085725,0,0,0,1e-16,8.1762992e-05,-38.270561
0.58920872,0.046510544,0.050000001,0,0,0,0,1.62946,0,0,0,1e-16,8.0688114e-05,-35.863113
0.61002618,0.044801738,0.050000001,0,0,0,0,1.6503475,0,0,0,1e-16,7.9618992e-05,-33.483894
0.6308378,0.043022767,0.050000001,0,0,0,0,1.671235,0,0,0,1e-16,7.8552141e-05,-31.125902
0.65164351,0.041176729,0.050000001,0,0,0,0,1.6921225,0,0,0,1e-16,7.7484729e-05,-28.781952
0.67244345,0.039266281,0.050000001,0,0,0,0,1.7130099,0,0,0,1e-16,7.6410783e-05,-26.443493
0.6932376,0.037293762,0.050000001,0,0,0,0,1.7338974,0,0,0,1e-16,7.5325734e-05,-24.101921
0.71402591,0.03526089,0.050000001,0,0,0,0,1.7547849,0,0,0,1e-16,7.421917e-05,-21.746624
0.73480839,0.033169124,0.050000001,0,0,0,0,1.7756724,0,0,0,1e-16,7.3081348e-05,-19.364029
0.75558496,0.031019537,0.050000001,0,0,0,0,1.7965599,0,0,0,1e-16,7.189397e-05,-16.940218
0.77635556,0.028812882,0.050000001,0,0,0,0,1.8174474,0,0,0,1e-16,7.0639006e-05,-14.459476
0.79712009,0.02654965,0.050000001,0,0,0,0,1.8383349,0,0,0,1e-16,6.9283007e-05,-11.904505
0.81787831,0.024229608,0.050000001,0,0,0,0,1.8592223,0,0,0,1e-16,6.779196e-05,-9.251996
0.83863014,0.021852652,0.050000001,0,0,0,0,1.8801099,0,0,0,1e-16,6.6122091e-05,-6.4735146
0.85937524,0.019418105,0.050000001,0,0,0,0,1.9009973,0,0,0,1e-16,6.4287291e-05,-3.5321271
0.88011336,0.01692494,0.050000001,0,0,0,0,1.9218848,0,0,0,1e-16,6.2420644e-05,-0.37609833
0.90084428,0.014371977,0.050000001,0,0,0,0,1.9427723,0,0,0,1e-16,6.0793864e-05,2.8961706
0.91887265,0.012101175,0.050000001,0,0,0,0,1.9609431,0,0,0,1e-16,5.9629881e-05,6.0206499
0.93389177,0.010172534,0.050000001,0,0,0,0,1.9760856,0,0,0,1e-16,5.8751015e-05,8.8757925
0.94640428,0.0085393777,0.050000001,0,0,0,0,1.9887042,0,0,0,1e-16,5.7813231e-05,11.48769
0.95682895,0.007160149,0.050000001,0,0,0,0,1.9992197,0,0,0,1e-16,5.6731911e-05,13.877504
0.96551448,0.0059977472,0.050000001,0,0,0,0,2.0079827,0,0,0,1e-16,5.5344295e-05,15.968685
0.9727512,0.0050199544,0.050000001,0,0,0,0,2.0152852,0,0,0,1e-16,5.3922275e-05,17.826767
0.97878093,0.0041986606,0.050000001,0,0,0,0,2.0213706,0,0,0,1e-16,5.2119118e-05,19.419823
0.98380506,0.0035097513,0.050000001,0,0,0,0,2.0264417,0,0,0,1e-16,5.0185001e-05,20.795408
0.98799139,0.0029324901,0.050000001,0,0,0,0,2.0306676,0,0,0,1e-16,4.7693778e-05,21.959015
0.99147975,0.0024492156,0.050000001,0,0,0,0,2.0341893,0,0,0,1e-16,4.4606655e-05,22.828342
0.99438643,0.0020449201,0.050000001,0,0,0,0,2.037124,0,0,0,1e-16,4.0451683e-05,23.348803
0.99680853,0.0017068746,0.050000001,0,0,0,0,2.0395696,0,0,0,1e-16,3.5661291e-05,23.960236
